Day,Account ID,Max Transaction,Mean Transaction,AA Total Value,CC Total Value,FF Total Value
6,A27,764.79,618.77,0.00,764.79,753.42
6,A5,948.31,535.39,948.31,919.60,0.00
6,A32,712.7,480.36,0.00,433.43,0.00
6,A42,801.81,496.18,0.00,0.00,174.04
6,A19,14.42,14.42,0.00,0.00,0.00
6,A46,827.91,480.87,1056.81,0.00,1304.79
6,A29,997.18,651.67,0.00,0.00,1267.02
6,A49,848.9,613.80,0.00,0.00,0.00
6,A47,900.67,650.54,0.00,0.00,900.67
6,A23,743.51,468.51,743.51,0.00,0.00
6,A45,940.41,673.51,0.00,213.21,0.00
6,A2,775.37,526.40,0.00,0.00,0.00
6,A33,829.56,399.15,774.80,0.00,1446.81
6,A44,949.92,574.20,1451.63,397.19,139.55
6,A43,886.73,528.19,1280.19,2032.19,0.00
6,A16,874.84,719.35,0.00,353.66,1636.51
6,A14,931.16,595.45,796.33,890.77,191.18
6,A40,897.97,706.45,1564.93,0.00,435.50
6,A25,291.76,291.76,291.76,0.00,0.00
6,A35,944.66,652.49,826.10,0.00,1189.96
6,A17,788.24,645.32,1402.80,0.00,0.00
6,A34,738.28,439.31,738.28,0.00,585.08
6,A21,920.24,532.79,0.00,492.85,0.00
6,A48,797.19,495.38,990.76,0.00,0.00
6,A4,732.07,625.67,0.00,659.49,0.00
6,A18,718.32,488.77,157.28,0.00,0.00
6,A13,996.67,498.12,0.00,0.00,516.34
6,A41,777.29,540.34,0.00,0.00,181.65
6,A1,977.98,458.94,0.00,171.19,977.98
6,A10,747.62,465.40,0.00,556.40,0.00
6,A7,650.23,406.86,0.00,0.00,203.34
6,A20,877.24,683.74,0.00,0.00,0.00
6,A31,748.48,464.13,0.00,0.00,748.48
6,A6,959.67,654.48,0.00,0.00,0.00
6,A30,958.29,759.09,0.00,0.00,822.84
6,A37,864.68,572.79,0.00,338.21,0.00
6,A12,928.86,594.97,0.00,0.00,438.88
6,A3,928.88,684.98,0.00,0.00,0.00
6,A8,624.81,371.86,598.28,253.09,323.22
6,A9,812.73,661.99,0.00,0.00,0.00
6,A15,713.6,398.01,0.00,0.00,0.00
6,A11,914.89,597.09,1906.46,0.00,0.00
6,A24,298.56,298.56,0.00,0.00,0.00
6,A28,633.11,411.76,0.00,872.45,265.70
6,A26,503.58,238.29,0.00,0.00,452.14
6,A39,982.64,549.40,422.17,982.64,0.00
6,A36,709.33,309.46,0.00,709.33,0.00
6,A38,471.95,370.09,0.00,893.34,0.00
7,A27,764.79,425.57,166.29,782.57,753.42
7,A5,948.31,483.41,948.31,736.50,0.00
7,A32,877.0,488.38,0.00,433.43,0.00
7,A42,461.91,447.59,0.00,0.00,174.04
7,A19,612.81,612.81,0.00,0.00,0.00
7,A46,824.25,403.40,1881.06,131.60,0.00
7,A29,997.18,694.11,0.00,0.00,827.53
7,A49,961.67,670.19,0.00,0.00,0.00
7,A47,900.67,900.67,0.00,0.00,900.67
7,A23,743.51,481.55,743.51,0.00,0.00
7,A45,940.41,568.51,0.00,213.21,0.00
7,A2,625.73,488.99,0.00,0.00,0.00
7,A33,829.56,480.01,774.80,0.00,1446.81
7,A44,560.05,357.45,501.71,0.00,0.00
7,A43,816.13,483.60,816.13,660.77,0.00
7,A16,874.84,836.71,0.00,0.00,1636.51
7,A14,931.16,723.01,796.33,539.61,0.00
7,A40,897.97,724.73,1564.93,0.00,0.00
7,A25,0,0.0,0.00,0.00,0.00
7,A35,944.66,749.04,714.33,0.00,944.66
7,A17,0,573.85,614.56,0.00,0.00
7,A34,34.02,351.28,0.00,34.02,585.08
7,A21,984.67,604.57,0.00,1311.18,0.00
7,A48,797.19,637.97,797.19,0.00,0.00
7,A4,938.17,786.84,0.00,1422.35,0.00
7,A18,718.32,525.08,157.28,0.00,0.00
7,A13,150.04,295.99,0.00,0.00,516.34
7,A41,777.29,538.90,533.87,0.00,0.00
7,A1,977.98,574.59,0.00,171.19,977.98
7,A10,747.62,375.77,0.00,132.46,0.00
7,A7,924.59,498.31,0.00,0.00,203.34
7,A20,990.85,947.10,0.00,0.00,1964.07
7,A31,893.98,643.81,252.74,0.00,748.48
7,A6,959.67,654.48,0.00,0.00,0.00
7,A30,958.29,602.15,0.00,0.00,822.84
7,A37,864.68,572.79,0.00,338.21,0.00
7,A12,928.86,533.06,0.00,0.00,438.88
7,A3,928.88,684.98,0.00,0.00,0.00
7,A8,794.25,421.04,598.28,1047.34,343.40
7,A9,812.73,661.99,0.00,0.00,0.00
7,A15,713.6,398.01,0.00,0.00,0.00
7,A11,914.89,597.09,1906.46,0.00,0.00
7,A24,675.99,487.27,0.00,0.00,0.00
7,A28,633.11,411.76,0.00,872.45,265.70
7,A26,503.58,255.86,0.00,54.12,884.34
7,A39,982.64,549.40,422.17,982.64,0.00
7,A36,738.68,416.76,0.00,709.33,0.00
7,A38,471.95,370.09,0.00,893.34,0.00
7,A22,125.64,125.64,0.00,0.00,125.64
8,A27,0,92.04,166.29,17.78,0.00
8,A5,948.31,479.85,1100.19,736.50,964.88
8,A32,877.0,488.38,0.00,433.43,0.00
8,A42,461.91,256.94,0.00,0.00,174.04
8,A19,612.81,612.81,0.00,0.00,0.00
8,A46,824.25,354.96,832.07,131.60,0.00
8,A29,997.18,904.49,0.00,0.00,827.53
8,A49,961.67,961.67,0.00,0.00,0.00
8,A47,900.67,900.67,0.00,0.00,900.67
8,A23,0,390.27,0.00,0.00,0.00
8,A45,940.41,568.51,0.00,213.21,0.00
8,A2,625.73,488.99,0.00,0.00,0.00
8,A33,829.56,565.74,774.80,0.00,1446.81
8,A44,560.05,362.49,501.71,0.00,0.00
8,A43,816.13,483.60,816.13,660.77,0.00
8,A16,874.84,836.71,0.00,0.00,1636.51
8,A14,931.16,723.01,796.33,539.61,0.00
8,A40,897.97,747.45,1564.93,0.00,0.00
8,A25,838.5,838.50,0.00,0.00,0.00
8,A35,0,762.55,714.33,0.00,0.00
8,A17,0,614.56,614.56,0.00,0.00
8,A34,34.02,371.72,0.00,34.02,5.16
8,A21,984.67,786.47,0.00,1311.18,0.00
8,A48,0,558.36,0.00,0.00,0.00
8,A4,938.17,850.51,0.00,762.86,0.00
8,A18,941.14,684.55,884.61,0.00,0.00
8,A13,150.04,380.97,0.00,0.00,0.00
8,A41,777.29,538.90,533.87,0.00,0.00
8,A1,977.98,590.53,0.00,171.19,1600.41
8,A10,0,189.85,0.00,132.46,0.00
8,A7,924.59,603.56,682.74,0.00,203.34
8,A20,990.85,810.87,402.18,0.00,1964.07
8,A31,893.98,617.64,252.74,0.00,0.00
8,A6,0,805.18,0.00,0.00,0.00
8,A30,0,513.11,0.00,0.00,822.84
8,A37,864.68,650.99,0.00,0.00,0.00
8,A12,827.76,544.21,391.18,0.00,759.91
8,A3,928.88,751.03,0.00,0.00,0.00
8,A8,794.25,519.41,0.00,794.25,20.18
8,A9,812.73,749.09,0.00,0.00,0.00
8,A15,0,355.06,0.00,0.00,0.00
8,A11,0,0.0,0.00,0.00,0.00
8,A24,675.99,675.99,0.00,0.00,0.00
8,A28,633.11,483.86,0.00,530.93,0.00
8,A26,503.58,255.86,0.00,54.12,884.34
8,A39,982.64,553.12,422.17,982.64,564.29
8,A36,738.68,416.76,0.00,709.33,0.00
8,A38,471.95,370.09,0.00,893.34,0.00
8,A22,125.64,125.64,0.00,0.00,125.64
9,A27,0,92.04,166.29,17.78,0.00
9,A5,948.31,428.52,1100.19,0.00,964.88
9,A32,877.0,497.61,0.00,433.43,0.00
9,A42,894.86,384.52,0.00,0.00,1068.90
9,A19,947.38,570.82,190.74,947.38,0.00
9,A46,824.25,315.06,832.07,131.60,0.00
9,A29,580.05,765.44,0.00,0.00,827.53
9,A49,961.67,961.67,0.00,0.00,0.00
9,A47,900.67,900.67,0.00,0.00,900.67
9,A23,946.09,796.61,0.00,0.00,946.09
9,A45,940.41,421.96,0.00,0.00,0.00
9,A2,625.73,426.42,0.00,478.62,0.00
9,A33,829.56,462.60,774.80,475.89,1775.55
9,A44,560.05,237.44,-0.00,0.00,0.00
9,A43,816.13,483.60,816.13,660.77,0.00
9,A16,874.84,575.10,0.00,0.00,1645.14
9,A14,931.16,693.62,796.33,539.61,0.00
9,A40,958.65,743.68,1564.93,958.65,0.00
9,A25,838.5,471.35,0.00,0.00,0.00
9,A35,260.38,595.16,714.33,0.00,0.00
9,A17,826.62,542.22,614.56,0.00,1012.10
9,A34,517.58,310.39,517.58,34.02,375.39
9,A21,984.67,786.47,0.00,1311.18,0.00
9,A48,0,558.36,0.00,0.00,0.00
9,A4,938.17,850.51,0.00,762.86,0.00
9,A18,941.14,716.79,727.33,0.00,0.00
9,A13,784.17,515.56,0.00,784.17,0.00
9,A41,777.29,491.65,533.87,0.00,0.00
9,A1,977.98,662.28,898.64,171.19,1600.41
9,A10,960.56,423.14,960.56,132.46,0.00
9,A7,924.59,522.29,682.74,0.00,203.34
9,A20,990.85,788.75,402.18,0.00,1964.07
9,A31,893.98,564.55,252.74,0.00,0.00
9,A6,1.8,537.39,0.00,1.80,0.00
9,A30,0,366.73,0.00,0.00,0.00
9,A37,864.68,529.61,0.00,0.00,0.00
9,A12,827.76,472.08,391.18,67.27,1246.47
9,A3,928.88,928.88,0.00,0.00,0.00
9,A8,794.25,412.26,0.00,794.25,20.18
9,A9,812.73,682.79,0.00,0.00,0.00
9,A15,500.73,395.54,766.86,500.73,0.00
9,A11,0,0.0,0.00,0.00,0.00
9,A24,675.99,675.99,0.00,0.00,0.00
9,A28,633.11,390.49,532.01,159.73,340.07
9,A26,503.58,281.66,0.00,54.12,884.34
9,A39,648.41,400.42,1070.58,447.67,564.29
9,A36,949.59,646.86,0.00,2385.46,0.00
9,A38,669.7,463.59,0.00,893.34,1207.68
9,A22,995.78,560.71,0.00,0.00,125.64
10,A27,0,92.04,166.29,17.78,0.00
10,A5,886.19,483.69,151.88,821.64,964.88
10,A32,877.0,472.66,0.00,0.00,0.00
10,A42,961.68,499.40,961.68,0.00,1068.90
10,A19,947.38,570.82,190.74,947.38,0.00
10,A46,824.25,339.73,824.25,131.60,0.00
10,A29,580.05,734.40,0.00,0.00,0.00
10,A49,961.67,651.28,0.00,340.89,0.00
10,A47,900.67,744.94,537.26,0.00,900.67
10,A23,946.09,946.09,0.00,0.00,946.09
10,A45,818.82,312.85,0.00,818.82,0.00
10,A2,625.73,463.13,0.00,478.62,0.00
10,A33,0,361.44,0.00,475.89,328.74
10,A44,560.05,237.44,-0.00,0.00,0.00
10,A43,843.61,674.88,816.13,843.61,0.00
10,A16,412.34,482.60,0.00,0.00,1182.64
10,A14,930.43,669.61,571.02,-0.00,930.43
10,A40,958.65,706.64,827.40,958.65,0.00
10,A25,838.5,471.35,0.00,0.00,0.00
10,A35,503.21,443.20,714.33,503.21,0.00
10,A17,826.62,506.05,0.00,0.00,1012.10
10,A34,517.58,393.80,517.58,34.02,370.23
10,A21,984.67,826.43,0.00,818.33,0.00
10,A48,618.16,450.23,0.00,0.00,0.00
10,A4,938.17,621.60,163.78,762.86,0.00
10,A18,941.14,708.95,727.33,0.00,0.00
10,A13,784.17,497.87,0.00,784.17,0.00
10,A41,777.29,507.74,533.87,0.00,0.00
10,A1,0,583.35,898.64,171.19,622.43
10,A10,960.56,520.03,960.56,-0.00,0.00
10,A7,924.59,628.61,682.74,0.00,0.00
10,A20,990.85,820.78,402.18,0.00,1964.07
10,A31,893.98,573.67,252.74,0.00,0.00
10,A6,1.8,1.80,0.00,1.80,0.00
10,A30,0,366.73,0.00,0.00,0.00
10,A37,0,165.48,0.00,0.00,0.00
10,A12,827.76,418.47,391.18,67.27,1246.47
10,A3,0,0.0,0.00,0.00,0.00
10,A8,794.25,412.26,0.00,794.25,20.18
10,A9,581.97,566.07,0.00,0.00,0.00
10,A15,500.73,422.53,766.86,500.73,0.00
10,A11,0,0.0,0.00,0.00,0.00
10,A24,675.99,675.99,0.00,0.00,0.00
10,A28,807.54,459.84,532.01,159.73,340.07
10,A26,685.36,358.15,685.36,54.12,432.20
10,A39,648.41,434.25,648.41,447.67,564.29
10,A36,949.59,759.45,0.00,1676.13,0.00
10,A38,669.7,603.84,0.00,-0.00,1207.68
10,A22,995.78,488.98,345.52,0.00,125.64
11,A27,721.92,247.38,249.83,17.78,721.92
11,A5,886.19,483.69,151.88,821.64,964.88
11,A32,877.0,472.66,0.00,0.00,0.00
11,A42,961.68,580.74,961.68,0.00,894.86
11,A19,947.38,459.91,190.74,1389.36,34.22
11,A46,824.25,339.73,824.25,131.60,0.00
11,A29,983.69,781.87,983.69,0.00,0.00
11,A49,961.67,651.28,0.00,340.89,0.00
11,A47,0,667.08,537.26,0.00,0.00
11,A23,946.09,946.09,0.00,0.00,946.09
11,A45,818.82,357.96,0.00,818.82,0.00
11,A2,625.73,359.38,0.00,478.62,0.00
11,A33,0,361.44,0.00,475.89,328.74
11,A44,990.11,363.72,242.44,0.00,990.11
11,A43,843.61,674.88,816.13,843.61,0.00
11,A16,546.21,413.74,0.00,284.90,420.97
11,A14,930.43,686.30,571.02,-0.00,930.43
11,A40,958.65,666.38,-0.00,958.65,0.00
11,A25,838.5,471.35,0.00,0.00,0.00
11,A35,503.21,387.96,714.33,503.21,0.00
11,A17,826.62,506.05,0.00,0.00,1012.10
11,A34,517.58,278.15,517.58,34.02,561.01
11,A21,984.67,682.29,0.00,818.33,0.00
11,A48,618.16,426.25,0.00,0.00,162.03
11,A4,938.17,641.80,163.78,762.86,702.40
11,A18,941.14,670.44,727.33,0.00,0.00
11,A13,784.17,497.87,0.00,784.17,0.00
11,A41,0,417.90,533.87,0.00,0.00
11,A1,537.73,674.99,898.64,0.00,622.43
11,A10,960.56,592.16,960.56,-0.00,0.00
11,A7,924.59,601.71,682.74,0.00,326.39
11,A20,990.85,704.18,402.18,0.00,1964.07
11,A31,893.98,573.67,252.74,0.00,0.00
11,A6,1.8,1.80,0.00,1.80,0.00
11,A30,0,366.73,0.00,0.00,0.00
11,A37,877.54,605.37,773.09,877.54,0.00
11,A12,827.76,418.47,391.18,67.27,1246.47
11,A3,0,0.0,0.00,0.00,0.00
11,A8,794.25,412.26,0.00,794.25,20.18
11,A9,581.97,566.07,0.00,0.00,0.00
11,A15,500.73,422.53,766.86,500.73,0.00
11,A11,0,0.0,0.00,0.00,0.00
11,A24,675.99,675.99,0.00,0.00,0.00
11,A28,807.54,459.84,532.01,159.73,340.07
11,A26,685.36,358.15,685.36,54.12,432.20
11,A39,648.41,434.25,648.41,447.67,564.29
11,A36,949.59,759.45,0.00,1676.13,0.00
11,A38,880.45,485.56,116.02,-0.00,2088.13
11,A22,995.78,488.98,345.52,0.00,125.64
12,A27,721.92,296.59,83.54,-0.00,918.10
12,A5,886.19,543.62,151.88,1326.13,964.88
12,A32,864.56,532.90,0.00,216.41,864.56
12,A42,961.68,620.35,961.68,0.00,894.86
12,A19,947.38,429.33,190.74,1389.36,34.22
12,A46,968.23,385.14,0.00,71.58,0.00
12,A29,983.69,781.87,983.69,0.00,0.00
12,A49,0,340.89,0.00,340.89,0.00
12,A47,0,667.08,537.26,0.00,0.00
12,A23,946.09,619.10,1272.67,0.00,946.09
12,A45,926.99,454.37,0.00,818.82,0.00
12,A2,642.27,363.51,0.00,1120.89,0.00
12,A33,0,359.46,0.00,475.89,328.74
12,A44,990.11,396.03,242.44,368.48,990.11
12,A43,843.61,458.41,0.00,843.61,0.00
12,A16,575.27,364.02,0.00,284.90,420.97
12,A14,930.43,686.30,571.02,-0.00,930.43
12,A40,958.65,736.12,-0.00,958.65,0.00
12,A25,838.5,471.35,0.00,0.00,0.00
12,A35,875.48,447.34,0.00,1378.69,0.00
12,A17,826.62,521.02,0.00,550.95,1012.10
12,A34,517.58,385.30,517.58,0.00,561.01
12,A21,935.71,676.16,935.71,783.38,0.00
12,A48,618.16,360.19,0.00,0.00,162.03
12,A4,927.5,597.89,163.78,-0.00,1629.90
12,A18,941.14,615.60,1104.42,0.00,0.00
12,A13,866.21,676.92,0.00,784.17,866.21
12,A41,337.13,228.81,0.00,120.49,0.00
12,A1,537.73,626.31,898.64,0.00,1054.02
12,A10,960.56,515.74,960.56,457.26,0.00
12,A7,699.44,491.01,682.74,0.00,326.39
12,A20,0,518.94,402.18,0.00,0.00
12,A31,793.57,543.05,0.00,0.00,0.00
12,A6,1.8,1.80,0.00,1.80,0.00
12,A30,252.14,252.14,0.00,252.14,0.00
12,A37,877.54,657.19,773.09,877.54,0.00
12,A12,827.76,451.67,391.18,523.16,1246.47
12,A3,777.15,703.25,777.15,629.35,0.00
12,A8,0,305.10,0.00,-0.00,0.00
12,A9,581.97,566.07,0.00,0.00,0.00
12,A15,500.73,422.53,766.86,500.73,0.00
12,A11,0,0.0,0.00,0.00,0.00
12,A24,976.95,976.95,0.00,0.00,976.95
12,A28,807.54,566.51,532.01,159.73,1118.96
12,A26,685.36,399.24,947.74,0.00,-0.00
12,A39,648.41,357.71,648.41,447.67,564.29
12,A36,949.59,618.58,0.00,1676.13,0.00
12,A38,880.45,480.37,116.02,-0.00,2088.13
12,A22,995.78,670.65,345.52,0.00,0.00
13,A27,721.92,296.59,83.54,-0.00,918.10
13,A5,886.19,675.70,0.00,1326.13,-0.00
13,A32,864.56,434.81,458.25,235.43,864.56
13,A42,961.68,928.27,961.68,0.00,894.86
13,A19,947.38,429.33,190.74,1389.36,34.22
13,A46,968.23,359.31,281.83,71.58,0.00
13,A29,983.69,695.10,983.69,0.00,0.00
13,A49,313.26,327.07,0.00,340.89,0.00
13,A47,0,667.08,537.26,0.00,0.00
13,A23,946.09,619.10,1272.67,0.00,946.09
13,A45,926.99,448.12,0.00,818.82,0.00
13,A2,642.27,398.13,0.00,1120.89,536.59
13,A33,0,359.46,0.00,475.89,328.74
13,A44,990.11,400.63,242.44,368.48,990.11
13,A43,843.61,522.12,0.00,843.61,0.00
13,A16,575.27,338.57,0.00,284.90,420.97
13,A14,951.87,739.41,571.02,-0.00,930.43
13,A40,958.65,475.21,-0.00,1380.70,0.00
13,A25,0,104.19,0.00,0.00,0.00
13,A35,875.48,471.57,0.00,1378.69,0.00
13,A17,826.62,521.02,0.00,550.95,1012.10
13,A34,517.58,385.30,517.58,0.00,561.01
13,A21,935.71,532.95,935.71,783.38,0.00
13,A48,618.16,360.19,0.00,0.00,162.03
13,A4,927.5,597.89,163.78,-0.00,1629.90
13,A18,973.46,606.27,1350.55,877.68,0.00
13,A13,866.21,575.37,0.00,784.17,866.21
13,A41,337.13,228.81,0.00,120.49,0.00
13,A1,537.73,627.28,898.64,0.00,431.59
13,A10,960.56,547.74,1668.30,457.26,0.00
13,A7,699.44,389.09,0.00,0.00,326.39
13,A20,0,577.31,0.00,0.00,0.00
13,A31,793.57,520.07,0.00,419.07,0.00
13,A6,857.62,423.11,0.00,859.42,178.29
13,A30,510.59,381.36,0.00,252.14,510.59
13,A37,877.54,657.19,773.09,877.54,0.00
13,A12,0,295.71,0.00,523.16,486.56
13,A3,777.15,703.25,777.15,629.35,0.00
13,A8,688.66,422.44,0.00,-0.00,508.23
13,A9,581.97,566.07,0.00,0.00,0.00
13,A15,500.73,422.53,766.86,500.73,0.00
13,A11,0,0.0,0.00,0.00,0.00
13,A24,976.95,976.95,0.00,0.00,976.95
13,A28,807.54,566.51,532.01,159.73,1118.96
13,A26,685.36,422.96,947.74,0.00,-0.00
13,A39,648.41,306.06,648.41,447.67,0.00
13,A36,949.59,528.69,0.00,1676.13,0.00
13,A38,880.45,421.88,116.02,-0.00,2088.13
13,A22,995.78,762.38,345.52,0.00,0.00
14,A27,721.92,296.59,83.54,-0.00,918.10
14,A5,886.19,675.70,0.00,1326.13,-0.00
14,A32,864.56,389.56,458.25,235.43,864.56
14,A42,971.14,657.00,999.86,971.14,0.00
14,A19,60.08,178.76,0.00,441.98,34.22
14,A46,968.23,440.55,281.83,71.58,0.00
14,A29,983.69,514.83,983.69,39.24,0.00
14,A49,652.76,435.64,0.00,340.89,652.76
14,A47,940.13,758.10,537.26,0.00,0.00
14,A23,780.47,577.69,1272.67,0.00,0.00
14,A45,926.99,515.99,0.00,818.82,0.00
14,A2,642.27,462.70,0.00,642.27,536.59
14,A33,0,0.0,0.00,0.00,0.00
14,A44,990.11,533.68,242.44,368.48,990.11
14,A43,843.61,464.87,0.00,843.61,0.00
14,A16,575.27,400.92,0.00,284.90,412.34
14,A14,951.87,797.42,571.02,-0.00,930.43
14,A40,0,214.29,-0.00,422.05,0.00
14,A25,0,0.0,0.00,0.00,0.00
14,A35,875.48,504.51,0.00,1378.69,0.00
14,A17,0,550.95,0.00,550.95,0.00
14,A34,0,326.70,0.00,0.00,190.78
14,A21,935.71,532.95,935.71,783.38,0.00
14,A48,618.16,360.19,0.00,0.00,162.03
14,A4,927.5,538.57,163.78,-0.00,1629.90
14,A18,973.46,648.86,1350.55,877.68,0.00
14,A13,866.21,525.51,0.00,0.00,866.21
14,A41,859.51,439.04,0.00,120.49,0.00
14,A1,537.73,484.66,0.00,0.00,431.59
14,A10,0,493.39,707.74,457.26,0.00
14,A7,699.44,411.21,0.00,0.00,326.39
14,A20,0,577.31,0.00,0.00,0.00
14,A31,793.57,588.66,763.68,419.07,0.00
14,A6,857.62,455.85,0.00,857.62,178.29
14,A30,510.59,381.36,0.00,252.14,510.59
14,A37,877.54,821.09,773.09,877.54,0.00
14,A12,959.1,529.37,959.10,455.89,0.00
14,A3,777.15,538.87,777.15,629.35,0.00
14,A8,688.66,479.01,0.00,-0.00,508.23
14,A9,581.97,581.97,0.00,0.00,0.00
14,A15,280.93,280.93,280.93,0.00,0.00
14,A11,0,0.0,0.00,0.00,0.00
14,A24,976.95,976.95,0.00,0.00,976.95
14,A28,904.17,817.85,0.00,0.00,778.89
14,A26,685.36,480.62,947.74,0.00,-0.00
14,A39,658.47,355.01,-0.00,0.00,0.00
14,A36,311.25,141.60,0.00,0.00,0.00
14,A38,880.45,349.10,116.02,-0.00,880.45
14,A22,0,645.68,345.52,0.00,0.00
15,A27,721.92,296.59,83.54,-0.00,918.10
15,A5,473.66,564.01,0.00,504.49,-0.00
15,A32,864.56,389.56,458.25,235.43,864.56
15,A42,971.14,504.66,38.18,971.14,0.00
15,A19,60.08,178.76,0.00,441.98,34.22
15,A46,968.23,440.55,281.83,71.58,0.00
15,A29,999.67,636.04,983.69,39.24,999.67
15,A49,652.76,483.01,0.00,0.00,652.76
15,A47,940.13,940.13,0.00,0.00,0.00
15,A23,780.47,577.69,1272.67,0.00,0.00
15,A45,926.99,658.89,0.00,0.00,0.00
15,A2,642.27,380.17,0.00,642.27,669.15
15,A33,0,0.0,0.00,0.00,0.00
15,A44,990.11,535.96,242.44,368.48,1614.82
15,A43,876.97,511.35,0.00,0.00,663.92
15,A16,575.27,398.07,0.00,284.90,0.00
15,A14,951.87,590.24,0.00,-0.00,82.48
15,A40,0,214.29,-0.00,422.05,0.00
15,A25,0,0.0,0.00,0.00,0.00
15,A35,875.48,558.88,0.00,1653.62,0.00
15,A17,0,550.95,0.00,550.95,0.00
15,A34,0,326.70,0.00,0.00,190.78
15,A21,935.71,532.95,935.71,783.38,0.00
15,A48,0,378.28,0.00,0.00,162.03
15,A4,927.5,663.51,0.00,-0.00,1629.90
15,A18,973.46,545.08,1350.55,877.68,0.00
15,A13,866.21,517.68,0.00,0.00,866.21
15,A41,859.51,335.81,0.00,120.49,26.11
15,A1,562.36,510.56,0.00,562.36,431.59
15,A10,966.73,588.06,707.74,457.26,0.00
15,A7,699.44,426.36,0.00,0.00,326.39
15,A20,0,237.76,0.00,0.00,0.00
15,A31,930.74,619.16,1410.43,882.01,0.00
15,A6,857.62,367.24,0.00,857.62,178.29
15,A30,510.59,381.36,0.00,252.14,510.59
15,A37,877.54,821.09,773.09,877.54,0.00
15,A12,959.1,707.49,959.10,455.89,0.00
15,A3,777.15,538.87,777.15,629.35,0.00
15,A8,688.66,479.01,0.00,-0.00,508.23
15,A9,806.7,806.70,0.00,0.00,0.00
15,A15,280.93,280.93,280.93,0.00,0.00
15,A11,733.1,733.10,733.10,0.00,0.00
15,A24,976.95,809.23,0.00,0.00,976.95
15,A28,904.17,821.29,0.00,0.00,778.89
15,A26,0,378.25,262.38,0.00,-0.00
15,A39,658.47,355.01,-0.00,0.00,0.00
15,A36,718.85,285.91,0.00,0.00,718.85
15,A38,880.45,421.04,896.76,-0.00,880.45
15,A22,0,945.83,0.00,0.00,0.00
16,A27,517.09,299.32,-0.00,-0.00,196.18
16,A5,473.66,564.01,0.00,504.49,-0.00
16,A32,864.56,389.56,458.25,235.43,864.56
16,A42,971.14,496.54,38.18,971.14,480.30
16,A19,60.08,60.08,0.00,0.00,0.00
16,A46,968.23,440.55,281.83,71.58,0.00
16,A29,999.67,520.16,0.00,39.24,999.67
16,A49,652.76,412.89,0.00,0.00,652.76
16,A47,940.13,507.54,0.00,74.96,0.00
16,A23,780.47,588.55,1272.67,0.00,0.00
16,A45,926.99,518.59,67.43,0.00,0.00
16,A2,642.27,437.14,0.00,642.27,669.15
16,A33,0,0.0,0.00,0.00,0.00
16,A44,136.35,395.90,-0.00,368.48,624.71
16,A43,876.97,511.35,0.00,0.00,663.92
16,A16,575.27,380.58,0.00,0.00,0.00
16,A14,951.87,517.18,0.00,-0.00,82.48
16,A40,0,214.29,-0.00,422.05,0.00
16,A25,581.52,356.19,0.00,0.00,0.00
16,A35,875.48,624.19,0.00,1653.62,0.00
16,A17,0,550.95,0.00,550.95,0.00
16,A34,0,462.63,0.00,0.00,-0.00
16,A21,935.71,639.76,935.71,783.38,0.00
16,A48,0,0.0,0.00,0.00,0.00
16,A4,927.5,644.06,0.00,-0.00,927.50
16,A18,973.46,556.28,1350.55,877.68,0.00
16,A13,866.21,517.68,0.00,0.00,866.21
16,A41,859.51,335.81,0.00,120.49,26.11
16,A1,562.36,496.98,0.00,562.36,431.59
16,A10,966.73,532.93,707.74,457.26,0.00
16,A7,699.44,372.37,0.00,0.00,0.00
16,A20,0,0.0,0.00,0.00,0.00
16,A31,930.74,619.16,1410.43,882.01,0.00
16,A6,857.62,367.24,0.00,857.62,178.29
16,A30,510.59,381.36,0.00,252.14,510.59
16,A37,0,812.64,0.00,0.00,0.00
16,A12,959.1,707.49,959.10,455.89,0.00
16,A3,777.15,538.87,777.15,629.35,0.00
16,A8,688.66,479.01,0.00,-0.00,508.23
16,A9,806.7,745.18,0.00,0.00,683.67
16,A15,798.44,376.42,280.93,0.00,0.00
16,A11,733.1,733.10,733.10,0.00,0.00
16,A24,976.95,809.23,0.00,0.00,976.95
16,A28,904.17,821.29,0.00,0.00,778.89
16,A26,222.74,326.41,262.38,0.00,-0.00
16,A39,658.47,355.01,-0.00,0.00,0.00
16,A36,718.85,229.04,0.00,0.00,718.85
16,A38,506.05,410.09,780.74,-0.00,0.00
16,A22,0,945.83,0.00,0.00,0.00
17,A27,517.09,517.09,-0.00,-0.00,-0.00
17,A5,473.66,613.10,0.00,0.00,-0.00
17,A32,0,238.64,458.25,19.02,0.00
17,A42,971.14,496.54,38.18,971.14,480.30
17,A19,701.03,380.55,0.00,0.00,0.00
17,A46,0,281.83,281.83,0.00,0.00
17,A29,999.67,524.64,0.00,39.24,999.67
17,A49,652.76,412.89,0.00,0.00,652.76
17,A47,940.13,507.54,0.00,74.96,0.00
17,A23,780.47,706.24,0.00,0.00,0.00
17,A45,0,382.45,67.43,0.00,0.00
17,A2,0,334.57,0.00,-0.00,669.15
17,A33,0,0.0,0.00,0.00,0.00
17,A44,136.35,405.04,-0.00,0.00,624.71
17,A43,876.97,620.89,0.00,0.00,663.92
17,A16,771.61,396.19,0.00,1002.70,0.00
17,A14,951.87,348.40,0.00,-0.00,82.48
17,A40,0,214.29,-0.00,422.05,0.00
17,A25,581.52,356.19,0.00,0.00,0.00
17,A35,637.19,584.76,0.00,778.14,0.00
17,A17,0,0.0,0.00,0.00,0.00
17,A34,0,0.0,0.00,0.00,-0.00
17,A21,0,419.97,0.00,0.00,0.00
17,A48,0,0.0,0.00,0.00,0.00
17,A4,0,360.62,0.00,-0.00,0.00
17,A18,973.46,608.88,973.46,877.68,0.00
17,A13,338.93,254.04,338.93,0.00,0.00
17,A41,859.51,442.81,0.00,0.00,26.11
17,A1,562.36,562.36,0.00,562.36,-0.00
17,A10,966.73,829.93,707.74,0.00,815.31
17,A7,0,333.23,0.00,0.00,0.00
17,A20,0,0.0,0.00,0.00,0.00
17,A31,930.74,613.63,1410.43,882.01,0.00
17,A6,857.62,367.24,0.00,857.62,178.29
17,A30,510.59,510.59,0.00,0.00,510.59
17,A37,0,0.0,0.00,0.00,0.00
17,A12,959.1,959.10,959.10,0.00,0.00
17,A3,0,374.49,0.00,0.00,0.00
17,A8,688.66,479.01,0.00,-0.00,508.23
17,A9,930.61,806.99,0.00,0.00,683.67
17,A15,798.44,376.42,280.93,0.00,0.00
17,A11,733.1,733.10,733.10,0.00,0.00
17,A24,168.39,404.94,168.39,0.00,0.00
17,A28,904.17,904.17,0.00,0.00,0.00
17,A26,222.74,358.43,0.00,0.00,-0.00
17,A39,658.47,658.47,-0.00,0.00,0.00
17,A36,718.85,297.58,0.00,377.01,718.85
17,A38,506.05,401.22,780.74,-0.00,0.00
17,A22,0,945.83,0.00,0.00,0.00
18,A27,517.09,517.09,-0.00,-0.00,-0.00
18,A5,473.66,473.66,0.00,0.00,-0.00
18,A32,0,0.0,0.00,0.00,0.00
18,A42,971.14,496.54,38.18,971.14,480.30
18,A19,701.03,380.55,0.00,0.00,0.00
18,A46,0,0.0,0.00,0.00,0.00
18,A29,999.67,525.66,0.00,39.24,999.67
18,A49,652.76,462.71,0.00,0.00,652.76
18,A47,940.13,488.17,449.42,74.96,0.00
18,A23,780.47,706.24,0.00,0.00,0.00
18,A45,232.66,323.13,67.43,0.00,0.00
18,A2,0,132.56,0.00,-0.00,132.56
18,A33,631.03,631.03,0.00,0.00,0.00
18,A44,136.35,405.04,-0.00,0.00,624.71
18,A43,876.97,611.34,0.00,0.00,663.92
18,A16,802.54,601.75,0.00,1805.24,0.00
18,A14,0,46.67,0.00,-0.00,82.48
18,A40,912.76,912.76,912.76,0.00,0.00
18,A25,581.52,356.19,0.00,0.00,0.00
18,A35,913.12,574.17,0.00,778.14,0.00
18,A17,0,0.0,0.00,0.00,0.00
18,A34,513.9,513.90,0.00,513.90,-0.00
18,A21,0,0.0,0.00,0.00,0.00
18,A48,0,0.0,0.00,0.00,0.00
18,A4,0,360.62,0.00,-0.00,0.00
18,A18,0,292.18,0.00,0.00,0.00
18,A13,591.11,465.02,338.93,0.00,0.00
18,A41,859.51,442.81,0.00,0.00,26.11
18,A1,562.36,562.36,0.00,562.36,-0.00
18,A10,966.73,891.02,0.00,0.00,815.31
18,A7,0,464.23,0.00,0.00,0.00
18,A20,803.1,803.10,0.00,0.00,803.10
18,A31,930.74,701.03,1410.43,462.94,0.00
18,A6,0,220.01,0.00,0.00,0.00
18,A30,962.22,690.38,0.00,0.00,0.00
18,A37,0,0.0,0.00,0.00,0.00
18,A12,983.51,971.30,1942.61,0.00,0.00
18,A3,0,374.49,0.00,0.00,0.00
18,A8,524.83,382.48,0.00,-0.00,0.00
18,A9,981.74,850.68,0.00,0.00,683.67
18,A15,798.44,249.95,328.54,0.00,0.00
18,A11,733.1,713.82,733.10,0.00,0.00
18,A24,587.77,465.89,168.39,0.00,0.00
18,A28,904.17,904.17,0.00,0.00,0.00
18,A26,411.43,311.47,0.00,0.00,-0.00
18,A39,938.26,798.36,938.26,0.00,0.00
18,A36,718.85,425.30,0.00,377.01,718.85
18,A38,506.05,483.79,780.74,-0.00,0.00
18,A22,0,0.0,0.00,0.00,0.00
19,A27,517.09,517.09,-0.00,-0.00,-0.00
19,A5,605.31,539.48,0.00,605.31,-0.00
19,A32,0,0.0,0.00,0.00,0.00
19,A42,0,480.30,-0.00,0.00,480.30
19,A19,701.03,701.03,0.00,0.00,0.00
19,A46,0,0.0,0.00,0.00,0.00
19,A29,999.67,774.02,0.00,0.00,999.67
19,A49,0,272.66,0.00,0.00,0.00
19,A47,0,262.19,449.42,74.96,0.00
19,A23,0,632.01,0.00,0.00,0.00
19,A45,232.66,323.13,67.43,0.00,0.00
19,A2,0,132.56,0.00,-0.00,132.56
19,A33,631.03,631.03,0.00,0.00,0.00
19,A44,136.35,405.04,-0.00,0.00,624.71
19,A43,876.97,770.45,0.00,0.00,663.92
19,A16,802.54,601.75,0.00,1805.24,0.00
19,A14,503.58,198.97,0.00,-0.00,82.48
19,A40,990.99,951.88,1903.75,0.00,0.00
19,A25,581.52,356.19,0.00,0.00,0.00
19,A35,913.12,590.83,0.00,778.14,0.00
19,A17,0,0.0,0.00,0.00,0.00
19,A34,983.24,748.57,0.00,1497.14,-0.00
19,A21,0,0.0,0.00,0.00,0.00
19,A48,0,0.0,0.00,0.00,0.00
19,A4,0,0.0,0.00,-0.00,0.00
19,A18,450.83,345.07,0.00,0.00,0.00
19,A13,591.11,465.30,338.93,0.00,465.86
19,A41,0,26.11,0.00,0.00,26.11
19,A1,991.1,715.54,0.00,562.36,-0.00
19,A10,966.73,567.08,156.77,387.74,1324.18
19,A7,83.29,337.25,0.00,83.29,0.00
19,A20,803.1,379.92,0.00,296.89,842.86
19,A31,930.74,604.80,646.75,462.94,0.00
19,A6,0,249.09,0.00,0.00,0.00
19,A30,962.22,690.38,0.00,0.00,0.00
19,A37,0,0.0,0.00,0.00,0.00
19,A12,983.51,983.51,983.51,0.00,0.00
19,A3,179.37,179.37,0.00,0.00,0.00
19,A8,524.83,524.83,0.00,-0.00,0.00
19,A9,981.74,823.64,0.00,715.50,683.67
19,A15,798.44,194.44,47.61,0.00,0.00
19,A11,733.1,713.82,733.10,0.00,0.00
19,A24,587.77,465.89,168.39,0.00,0.00
19,A28,0,0.0,0.00,0.00,0.00
19,A26,411.43,236.90,13.19,0.00,-0.00
19,A39,938.26,938.26,938.26,0.00,0.00
19,A36,718.85,453.81,0.00,377.01,718.85
19,A38,506.05,483.79,780.74,-0.00,0.00
19,A22,0,0.0,0.00,0.00,0.00
20,A27,517.09,517.09,-0.00,-0.00,-0.00
20,A5,605.31,605.31,0.00,605.31,-0.00
20,A32,0,0.0,0.00,0.00,0.00
20,A42,0,480.30,-0.00,0.00,480.30
20,A19,863.7,782.37,0.00,0.00,863.70
20,A46,0,0.0,0.00,0.00,0.00
20,A29,0,661.20,0.00,0.00,0.00
20,A49,907.87,590.26,0.00,907.87,0.00
20,A47,139.81,221.40,449.42,74.96,0.00
20,A23,727.98,680.00,0.00,0.00,0.00
20,A45,232.66,120.44,67.43,0.00,0.00
20,A2,0,0.0,0.00,-0.00,0.00
20,A33,631.03,631.03,0.00,0.00,0.00
20,A44,136.35,136.35,-0.00,0.00,0.00
20,A43,0,0.0,0.00,0.00,0.00
20,A16,802.54,601.75,0.00,1805.24,0.00
20,A14,503.58,257.22,0.00,-0.00,0.00
20,A40,990.99,951.88,1903.75,0.00,0.00
20,A25,732.68,481.68,0.00,0.00,0.00
20,A35,913.12,591.80,0.00,-0.00,0.00
20,A17,754.54,754.54,0.00,0.00,0.00
20,A34,983.24,748.57,0.00,1497.14,-0.00
20,A21,0,0.0,0.00,0.00,0.00
20,A48,0,0.0,0.00,0.00,0.00
20,A4,388.94,388.94,0.00,-0.00,0.00
20,A18,965.08,665.82,0.00,0.00,0.00
20,A13,591.11,465.30,338.93,0.00,465.86
20,A41,0,0.0,0.00,0.00,0.00
20,A1,991.1,717.75,0.00,0.00,-0.00
20,A10,19.01,377.54,156.77,387.74,1324.18
20,A7,83.29,83.29,0.00,83.29,0.00
20,A20,803.1,379.92,0.00,296.89,842.86
20,A31,0,378.76,-0.00,0.00,0.00
20,A6,0,0.0,0.00,0.00,0.00
20,A30,962.22,609.16,0.00,0.00,0.00
20,A37,0,0.0,0.00,0.00,0.00
20,A12,983.51,983.51,983.51,0.00,0.00
20,A3,179.37,179.37,0.00,0.00,0.00
20,A8,524.83,524.83,0.00,-0.00,0.00
20,A9,981.74,827.88,0.00,715.50,683.67
20,A15,798.44,194.44,47.61,0.00,0.00
20,A11,15.86,355.20,0.00,15.86,0.00
20,A24,587.77,378.08,168.39,0.00,0.00
20,A28,306.6,306.60,0.00,0.00,0.00
20,A26,411.43,236.90,13.19,0.00,-0.00
20,A39,938.26,938.26,938.26,0.00,0.00
20,A36,190.37,321.69,0.00,377.01,0.00
20,A38,610.4,441.21,0.00,-0.00,0.00
20,A22,992.15,992.15,0.00,992.15,0.00
21,A27,0,0.0,-0.00,-0.00,-0.00
21,A5,605.31,342.80,128.16,605.31,-0.00
21,A32,0,0.0,0.00,0.00,0.00
21,A42,0,0.0,-0.00,0.00,0.00
21,A19,863.7,782.37,0.00,0.00,863.70
21,A46,621.39,421.09,0.00,220.80,0.00
21,A29,596.66,616.74,0.00,596.66,0.00
21,A49,907.87,907.87,0.00,907.87,0.00
21,A47,544.4,377.88,993.82,0.00,0.00
21,A23,999.0,752.31,0.00,909.93,372.31
21,A45,232.66,118.64,0.00,62.03,0.00
21,A2,758.43,758.43,0.00,-0.00,0.00
21,A33,631.03,631.03,0.00,0.00,0.00
21,A44,132.83,132.83,-0.00,132.83,0.00
21,A43,0,0.0,0.00,0.00,0.00
21,A16,802.54,601.75,0.00,1805.24,0.00
21,A14,990.14,494.90,426.47,-0.00,0.00
21,A40,990.99,715.77,1903.75,0.00,0.00
21,A25,732.68,510.71,0.00,0.00,288.74
21,A35,913.12,507.74,0.00,-0.00,0.00
21,A17,754.54,754.54,0.00,0.00,0.00
21,A34,983.24,504.00,0.00,1511.99,-0.00
21,A21,0,0.0,0.00,0.00,0.00
21,A48,0,0.0,0.00,0.00,0.00
21,A4,388.94,198.86,142.70,-0.00,0.00
21,A18,965.08,673.15,0.00,695.15,0.00
21,A13,637.65,514.66,338.93,0.00,465.86
21,A41,0,0.0,0.00,0.00,0.00
21,A1,991.1,779.94,0.00,0.00,-0.00
21,A10,19.01,377.54,156.77,387.74,1324.18
21,A7,647.97,386.04,0.00,83.29,647.97
21,A20,803.1,379.92,0.00,296.89,842.86
21,A31,160.35,269.55,-0.00,0.00,0.00
21,A6,0,0.0,0.00,0.00,0.00
21,A30,962.22,609.16,0.00,0.00,0.00
21,A37,0,0.0,0.00,0.00,0.00
21,A12,983.51,983.51,983.51,0.00,0.00
21,A3,179.37,179.37,0.00,0.00,0.00
21,A8,711.47,618.15,711.47,-0.00,0.00
21,A9,981.74,553.78,157.74,898.77,0.00
21,A15,0,41.30,47.61,0.00,0.00
21,A11,404.96,303.64,0.00,15.86,0.00
21,A24,895.78,550.65,168.39,895.78,0.00
21,A28,306.6,306.60,0.00,0.00,0.00
21,A26,411.43,219.51,13.19,0.00,-0.00
21,A39,938.26,721.48,938.26,293.89,0.00
21,A36,190.37,361.56,0.00,377.01,0.00
21,A38,610.4,610.40,0.00,-0.00,0.00
21,A22,992.15,864.89,0.00,1979.19,0.00
22,A27,158.61,158.61,-0.00,158.61,-0.00
22,A5,605.31,368.07,128.16,1049.20,-0.00
22,A32,0,0.0,0.00,0.00,0.00
22,A42,0,0.0,-0.00,0.00,0.00
22,A19,863.7,839.45,0.00,0.00,863.70
22,A46,621.39,421.09,0.00,220.80,0.00
22,A29,596.66,537.64,0.00,596.66,0.00
22,A49,907.87,907.87,0.00,907.87,0.00
22,A47,544.4,377.88,993.82,0.00,0.00
22,A23,999.0,736.29,0.00,909.93,372.31
22,A45,232.66,118.64,0.00,62.03,0.00
22,A2,758.43,758.43,0.00,-0.00,0.00
22,A33,631.03,631.03,0.00,0.00,0.00
22,A44,809.19,436.77,-0.00,1310.32,0.00
22,A43,193.25,193.25,0.00,0.00,0.00
22,A16,802.54,802.54,0.00,802.54,0.00
22,A14,990.14,554.09,426.47,-0.00,0.00
22,A40,990.99,706.57,2573.51,0.00,0.00
22,A25,732.68,549.26,626.35,0.00,288.74
22,A35,913.12,464.60,0.00,-0.00,0.00
22,A17,754.54,563.69,0.00,0.00,0.00
22,A34,983.24,504.00,0.00,1511.99,-0.00
22,A21,0,0.0,0.00,0.00,0.00
22,A48,371.13,371.13,0.00,0.00,371.13
22,A4,388.94,198.86,142.70,-0.00,0.00
22,A18,965.08,673.15,0.00,695.15,0.00
22,A13,637.65,549.81,0.00,0.00,465.86
22,A41,0,0.0,0.00,0.00,0.00
22,A1,991.1,634.38,0.00,0.00,321.80
22,A10,19.01,268.10,156.77,387.74,508.87
22,A7,759.84,479.49,0.00,83.29,647.97
22,A20,803.1,379.92,0.00,296.89,842.86
22,A31,160.35,269.55,-0.00,0.00,0.00
22,A6,0,0.0,0.00,0.00,0.00
22,A30,962.22,609.16,0.00,0.00,0.00
22,A37,0,0.0,0.00,0.00,0.00
22,A12,983.51,983.51,983.51,0.00,0.00
22,A3,899.49,539.43,0.00,0.00,0.00
22,A8,711.47,618.15,711.47,-0.00,0.00
22,A9,981.74,534.94,975.26,898.77,0.00
22,A15,525.89,162.45,47.61,525.89,0.00
22,A11,404.96,303.64,0.00,15.86,0.00
22,A24,895.78,741.77,0.00,895.78,0.00
22,A28,306.6,306.60,0.00,0.00,0.00
22,A26,411.43,219.51,13.19,0.00,-0.00
22,A39,938.26,721.48,938.26,293.89,0.00
22,A36,190.37,356.41,0.00,0.00,0.00
22,A38,610.4,610.40,0.00,-0.00,0.00
22,A22,992.15,864.89,0.00,1979.19,0.00
23,A27,158.61,158.61,-0.00,158.61,-0.00
23,A5,605.31,368.07,128.16,1049.20,-0.00
23,A32,0,0.0,0.00,0.00,0.00
23,A42,0,0.0,-0.00,0.00,0.00
23,A19,863.7,839.45,0.00,0.00,863.70
23,A46,621.39,420.15,418.25,220.80,0.00
23,A29,942.92,618.69,0.00,596.66,942.92
23,A49,907.87,907.87,0.00,907.87,0.00
23,A47,544.4,342.11,544.40,0.00,0.00
23,A23,999.0,736.29,0.00,909.93,372.31
23,A45,0,61.63,0.00,62.03,0.00
23,A2,758.43,692.77,0.00,-0.00,627.11
23,A33,980.05,980.05,0.00,0.00,980.05
23,A44,809.19,453.74,504.63,1310.32,0.00
23,A43,193.25,193.25,0.00,0.00,0.00
23,A16,0,0.0,0.00,0.00,0.00
23,A14,990.14,525.47,426.47,382.33,0.00
23,A40,990.99,655.02,1660.75,0.00,0.00
23,A25,732.68,549.26,626.35,0.00,288.74
23,A35,0,255.57,0.00,-0.00,0.00
23,A17,754.54,563.69,0.00,0.00,0.00
23,A34,983.24,499.04,0.00,998.09,-0.00
23,A21,355.28,355.28,0.00,0.00,0.00
23,A48,510.68,440.91,0.00,0.00,371.13
23,A4,388.94,202.01,142.70,-0.00,0.00
23,A18,965.08,586.04,0.00,932.72,0.00
23,A13,637.65,539.48,0.00,0.00,465.86
23,A41,330.32,330.32,0.00,0.00,0.00
23,A1,991.1,563.36,0.00,663.04,359.35
23,A10,19.01,268.10,156.77,387.74,508.87
23,A7,759.84,479.49,0.00,83.29,647.97
23,A20,0,168.32,0.00,296.89,39.76
23,A31,160.35,269.55,-0.00,0.00,0.00
23,A6,0,0.0,0.00,0.00,0.00
23,A30,424.45,355.62,195.72,0.00,0.00
23,A37,0,0.0,0.00,0.00,0.00
23,A12,0,0.0,0.00,0.00,0.00
23,A3,899.49,426.15,0.00,0.00,0.00
23,A8,711.47,615.86,711.47,-0.00,0.00
23,A9,0,445.58,975.26,898.77,0.00
23,A15,525.89,264.65,-0.00,525.89,0.00
23,A11,404.96,173.35,0.00,15.86,0.00
23,A24,895.78,534.07,0.00,895.78,631.91
23,A28,306.6,306.60,0.00,0.00,0.00
23,A26,0,151.35,13.19,0.00,-0.00
23,A39,564.13,596.77,-0.00,293.89,0.00
23,A36,598.32,316.57,0.00,0.00,0.00
23,A38,934.23,772.31,0.00,-0.00,0.00
23,A22,992.15,716.88,0.00,1979.19,0.00
24,A27,786.72,472.67,-0.00,945.33,-0.00
24,A5,105.9,204.96,128.16,495.82,105.90
24,A32,0,0.0,0.00,0.00,0.00
24,A42,0,0.0,-0.00,0.00,0.00
24,A19,863.7,839.45,0.00,0.00,863.70
24,A46,621.39,380.85,418.25,220.80,262.97
24,A29,942.92,516.56,0.00,596.66,942.92
24,A49,907.87,485.89,0.00,907.87,0.00
24,A47,544.4,342.11,544.40,0.00,0.00
24,A23,999.0,640.31,0.00,909.93,372.31
24,A45,0,61.63,0.00,62.03,0.00
24,A2,758.43,692.77,0.00,-0.00,627.11
24,A33,980.05,980.05,0.00,0.00,980.05
24,A44,809.19,453.74,504.63,1310.32,0.00
24,A43,193.25,193.25,0.00,0.00,0.00
24,A16,670.03,419.70,0.00,0.00,0.00
24,A14,990.14,529.84,426.47,382.33,0.00
24,A40,316.05,486.28,669.76,316.05,0.00
24,A25,732.68,549.26,626.35,0.00,288.74
24,A35,0,255.57,0.00,-0.00,0.00
24,A17,846.92,658.51,0.00,0.00,846.92
24,A34,0,14.85,0.00,14.85,-0.00
24,A21,355.28,355.28,0.00,0.00,0.00
24,A48,510.68,342.64,0.00,0.00,517.23
24,A4,522.17,255.37,142.70,-0.00,0.00
24,A18,965.08,470.02,554.78,932.72,183.53
24,A13,804.62,624.17,0.00,804.62,0.00
24,A41,330.32,330.32,0.00,0.00,0.00
24,A1,152.51,439.30,152.51,663.04,359.35
24,A10,786.38,412.62,577.76,129.08,-0.00
24,A7,759.84,611.56,0.00,0.00,647.97
24,A20,217.2,217.20,0.00,217.20,0.00
24,A31,160.35,160.35,-0.00,0.00,0.00
24,A6,683.55,683.55,0.00,0.00,0.00
24,A30,561.83,407.18,195.72,0.00,0.00
24,A37,0,0.0,0.00,0.00,0.00
24,A12,0,0.0,0.00,0.00,0.00
24,A3,899.49,370.93,13.71,0.00,0.00
24,A8,711.47,615.86,711.47,-0.00,0.00
24,A9,514.6,405.40,975.26,183.27,0.00
24,A15,525.89,525.89,-0.00,525.89,0.00
24,A11,404.96,173.35,0.00,15.86,0.00
24,A24,895.78,534.07,0.00,895.78,631.91
24,A28,915.79,343.46,145.50,0.00,915.79
24,A26,682.15,318.59,0.00,0.00,-0.00
24,A39,832.82,589.19,-0.00,1126.71,322.80
24,A36,598.32,316.57,0.00,0.00,0.00
24,A38,934.23,526.78,0.00,55.40,0.00
24,A22,992.15,703.04,0.00,2829.51,0.00
25,A27,832.59,592.64,-0.00,1777.92,-0.00
25,A5,105.9,204.96,128.16,495.82,105.90
25,A32,381.69,381.69,0.00,0.00,381.69
25,A42,999.53,580.91,-0.00,0.00,0.00
25,A19,0,815.20,0.00,0.00,0.00
25,A46,834.47,511.52,418.25,220.80,262.97
25,A29,942.92,521.09,0.00,596.66,942.92
25,A49,86.11,75.01,0.00,0.00,0.00
25,A47,972.8,777.53,544.40,0.00,1788.19
25,A23,999.0,627.26,0.00,909.93,372.31
25,A45,0,62.03,0.00,62.03,0.00
25,A2,758.43,654.40,0.00,-0.00,627.11
25,A33,980.05,980.05,0.00,0.00,980.05
25,A44,809.19,449.09,504.63,1310.32,0.00
25,A43,362.56,277.91,362.56,0.00,0.00
25,A16,670.03,419.70,0.00,0.00,0.00
25,A14,990.14,529.84,426.47,382.33,0.00
25,A40,858.33,560.69,669.76,316.05,0.00
25,A25,661.71,525.60,626.35,0.00,950.45
25,A35,641.07,448.32,0.00,-0.00,641.07
25,A17,846.92,573.01,0.00,0.00,846.92
25,A34,877.84,446.34,0.00,892.69,-0.00
25,A21,355.28,355.28,0.00,0.00,0.00
25,A48,510.68,342.64,0.00,0.00,517.23
25,A4,707.51,308.46,142.70,707.51,0.00
25,A18,0,348.70,554.78,932.72,183.53
25,A13,804.62,624.17,0.00,804.62,0.00
25,A41,330.32,317.16,0.00,0.00,304.01
25,A1,329.63,405.11,152.51,663.04,359.35
25,A10,786.38,511.02,577.76,129.08,-0.00
25,A7,759.84,611.56,0.00,0.00,647.97
25,A20,904.08,660.05,0.00,217.20,0.00
25,A31,723.88,442.11,-0.00,0.00,0.00
25,A6,683.55,683.55,0.00,0.00,0.00
25,A30,591.89,443.47,195.72,0.00,0.00
25,A37,763.82,763.82,0.00,0.00,763.82
25,A12,507.34,507.34,0.00,0.00,507.34
25,A3,899.49,398.28,13.71,0.00,507.44
25,A8,711.47,615.86,711.47,-0.00,0.00
25,A9,709.62,456.10,1684.88,183.27,0.00
25,A15,767.2,646.55,-0.00,1293.09,0.00
25,A11,404.96,170.82,0.00,0.00,0.00
25,A24,895.78,534.07,0.00,895.78,631.91
25,A28,941.1,502.08,145.50,0.00,915.79
25,A26,682.15,318.59,0.00,0.00,-0.00
25,A39,832.82,589.19,-0.00,1126.71,322.80
25,A36,598.32,290.66,0.00,0.00,0.00
25,A38,934.23,498.91,0.00,55.40,0.00
25,A22,287.39,602.36,287.39,1837.36,0.00
26,A27,832.59,592.69,-0.00,1777.92,-0.00
26,A5,716.41,329.53,0.00,495.82,105.90
26,A32,381.69,381.69,0.00,0.00,381.69
26,A42,999.53,580.91,-0.00,0.00,0.00
26,A19,0,815.20,0.00,0.00,0.00
26,A46,885.94,622.57,418.25,0.00,262.97
26,A29,942.92,495.50,0.00,0.00,942.92
26,A49,315.35,155.12,0.00,315.35,0.00
26,A47,972.8,894.10,-0.00,0.00,1788.19
26,A23,0,527.40,0.00,0.00,0.00
26,A45,0,0.0,0.00,0.00,0.00
26,A2,752.12,648.96,638.95,-0.00,627.11
26,A33,980.05,649.03,89.59,0.00,1857.49
26,A44,809.19,528.15,504.63,1177.49,0.00
26,A43,362.56,277.91,362.56,0.00,0.00
26,A16,670.03,487.30,0.00,0.00,0.00
26,A14,309.33,332.84,0.00,691.66,0.00
26,A40,858.33,532.22,669.76,316.05,0.00
26,A25,661.71,644.03,626.35,0.00,661.71
26,A35,641.07,641.07,0.00,-0.00,641.07
26,A17,846.92,573.01,0.00,0.00,846.92
26,A34,877.84,877.84,0.00,877.84,-0.00
26,A21,355.28,355.28,0.00,0.00,0.00
26,A48,510.68,357.68,0.00,402.80,517.23
26,A4,707.51,481.43,0.00,707.51,0.00
26,A18,300.36,269.74,855.14,237.57,183.53
26,A13,804.62,804.62,0.00,804.62,0.00
26,A41,330.32,317.16,0.00,0.00,304.01
26,A1,621.24,355.78,773.75,663.04,359.35
26,A10,786.38,426.28,665.08,129.08,-0.00
26,A7,759.84,759.84,0.00,0.00,0.00
26,A20,904.08,660.05,0.00,217.20,0.00
26,A31,723.88,692.31,-0.00,660.74,0.00
26,A6,683.55,525.17,0.00,0.00,0.00
26,A30,591.89,443.47,195.72,0.00,0.00
26,A37,763.82,763.82,0.00,0.00,763.82
26,A12,507.34,507.34,0.00,0.00,507.34
26,A3,899.49,398.28,13.71,0.00,507.44
26,A8,495.57,507.91,0.00,-0.00,0.00
26,A9,772.53,703.57,1527.14,-0.00,0.00
26,A15,767.2,503.08,-0.00,1293.09,216.16
26,A11,718.22,346.88,0.00,0.00,0.00
26,A24,0,353.21,0.00,0.00,631.91
26,A28,941.1,502.08,145.50,0.00,915.79
26,A26,682.15,509.08,0.00,0.00,-0.00
26,A39,832.82,573.25,-0.00,832.82,322.80
26,A36,598.32,355.49,0.00,0.00,0.00
26,A38,934.23,550.45,0.00,55.40,0.00
26,A22,287.39,522.81,287.39,850.32,0.00
27,A27,832.59,737.38,-0.00,1619.31,-0.00
27,A5,921.92,449.04,0.00,51.93,105.90
27,A32,911.33,681.60,911.33,0.00,381.69
27,A42,999.53,512.85,-0.00,0.00,0.00
27,A19,201.63,201.63,0.00,0.00,0.00
27,A46,885.94,622.57,418.25,0.00,262.97
27,A29,942.92,545.30,0.00,0.00,942.92
27,A49,315.35,155.12,0.00,315.35,0.00
27,A47,972.8,912.90,-0.00,0.00,1788.19
27,A23,0,479.12,0.00,0.00,0.00
27,A45,618.38,529.26,0.00,0.00,0.00
27,A2,977.2,714.61,638.95,-0.00,627.11
27,A33,980.05,700.42,89.59,854.59,1857.49
27,A44,903.72,612.94,504.63,0.00,0.00
27,A43,581.54,472.05,362.56,0.00,0.00
27,A16,670.03,466.20,402.91,0.00,0.00
27,A14,950.86,540.40,0.00,691.66,950.86
27,A40,858.33,486.37,0.00,316.05,0.00
27,A25,661.71,418.17,0.00,0.00,661.71
27,A35,825.15,733.11,0.00,-0.00,641.07
27,A17,969.1,736.50,0.00,969.10,846.92
27,A34,888.58,509.97,888.58,877.84,-0.00
27,A21,937.1,438.42,0.00,22.89,0.00
27,A48,510.68,353.19,0.00,402.80,146.10
27,A4,707.51,481.43,0.00,707.51,0.00
27,A18,603.92,286.02,855.14,841.49,183.53
27,A13,804.62,750.36,0.00,1500.73,0.00
27,A41,913.75,516.03,0.00,0.00,304.01
27,A1,621.24,356.91,773.75,663.04,37.55
27,A10,786.38,390.94,665.08,129.08,-0.00
27,A7,566.92,566.92,0.00,0.00,566.92
27,A20,904.08,660.05,0.00,217.20,0.00
27,A31,723.88,526.30,-0.00,660.74,406.26
27,A6,683.55,563.55,0.00,0.00,0.00
27,A30,632.58,467.35,195.72,0.00,0.00
27,A37,763.82,763.82,0.00,0.00,763.82
27,A12,925.9,716.62,0.00,0.00,507.34
27,A3,540.02,338.37,13.71,0.00,507.44
27,A8,495.57,507.91,0.00,-0.00,0.00
27,A9,772.53,534.53,850.98,-0.00,0.00
27,A15,767.2,497.04,-0.00,1170.89,216.16
27,A11,718.22,346.88,0.00,0.00,0.00
27,A24,337.48,290.14,0.00,0.00,969.39
27,A28,941.1,502.08,145.50,0.00,915.79
27,A26,682.15,442.01,0.00,307.88,-0.00
27,A39,832.82,573.25,-0.00,832.82,322.80
27,A36,757.76,489.58,0.00,0.00,757.76
27,A38,934.23,428.78,0.00,55.40,0.00
27,A22,287.39,522.81,287.39,850.32,0.00
28,A27,832.59,737.38,-0.00,1619.31,-0.00
28,A5,921.92,492.10,0.00,51.93,770.24
28,A32,911.33,573.01,911.33,0.00,381.69
28,A42,999.53,554.84,-0.00,882.74,0.00
28,A19,507.86,354.75,507.86,0.00,0.00
28,A46,885.94,587.64,0.00,878.49,262.97
28,A29,742.93,510.00,0.00,0.00,0.00
28,A49,315.35,188.88,0.00,315.35,0.00
28,A47,972.8,739.47,85.97,0.00,1788.19
28,A23,0,479.12,0.00,0.00,0.00
28,A45,943.08,500.55,0.00,0.00,0.00
28,A2,977.2,736.48,638.95,-0.00,0.00
28,A33,118.76,485.10,89.59,854.59,877.44
28,A44,903.72,710.00,-0.00,0.00,0.00
28,A43,581.54,501.95,362.56,0.00,0.00
28,A16,670.03,464.08,858.49,0.00,0.00
28,A14,950.86,655.97,641.96,309.33,950.86
28,A40,858.33,477.13,0.00,316.05,444.00
28,A25,948.01,545.55,0.00,825.71,661.71
28,A35,825.15,624.91,0.00,-0.00,641.07
28,A17,969.1,666.18,0.00,969.10,2310.74
28,A34,888.58,509.97,888.58,877.84,-0.00
28,A21,937.1,480.00,0.00,22.89,0.00
28,A48,307.05,285.32,307.05,402.80,146.10
28,A4,707.51,625.06,0.00,707.51,0.00
28,A18,603.92,292.94,855.14,603.92,183.53
28,A13,866.5,789.08,866.50,1500.73,0.00
28,A41,913.75,608.88,0.00,0.00,304.01
28,A1,621.24,389.27,773.75,0.00,-0.00
28,A10,904.59,439.22,665.08,129.08,350.59
28,A7,640.89,522.45,0.00,0.00,566.92
28,A20,904.08,660.05,0.00,217.20,0.00
28,A31,723.88,526.30,-0.00,660.74,406.26
28,A6,683.55,446.31,0.00,0.00,129.53
28,A30,632.58,484.15,0.00,0.00,236.82
28,A37,763.82,763.82,0.00,0.00,763.82
28,A12,987.85,807.03,0.00,0.00,1495.19
28,A3,540.02,359.81,13.71,0.00,835.68
28,A8,788.61,601.26,0.00,519.60,788.61
28,A9,961.35,565.20,1142.74,-0.00,0.00
28,A15,767.2,427.50,-0.00,1170.89,216.16
28,A11,718.22,409.95,0.00,0.00,0.00
28,A24,820.79,424.98,0.00,820.79,337.48
28,A28,941.1,502.08,145.50,0.00,915.79
28,A26,682.15,442.01,0.00,307.88,-0.00
28,A39,832.82,503.26,-0.00,1320.93,322.80
28,A36,955.86,608.76,0.00,0.00,757.76
28,A38,382.81,350.00,0.00,55.40,0.00
28,A22,934.8,673.78,287.39,850.32,0.00
29,A27,832.59,712.72,-0.00,832.59,-0.00
29,A5,921.92,767.56,0.00,0.00,664.34
29,A32,911.33,578.48,1511.67,0.00,381.69
29,A42,999.53,536.40,-0.00,1237.50,616.73
29,A19,507.86,354.75,507.86,0.00,0.00
29,A46,885.94,641.76,0.00,878.49,0.00
29,A29,742.93,492.68,0.00,0.00,0.00
29,A49,315.35,230.53,0.00,315.35,0.00
29,A47,972.8,661.46,85.97,0.00,1788.19
29,A23,812.73,724.70,0.00,0.00,0.00
29,A45,943.08,472.31,0.00,0.00,0.00
29,A2,977.2,669.50,638.95,-0.00,0.00
29,A33,869.07,561.89,89.59,854.59,877.44
29,A44,905.31,640.66,905.31,0.00,0.00
29,A43,741.35,512.07,362.56,0.00,276.57
29,A16,0,493.66,858.49,0.00,0.00
29,A14,950.86,559.09,901.98,309.33,1263.43
29,A40,940.97,602.11,0.00,0.00,1384.97
29,A25,948.01,545.55,0.00,825.71,661.71
29,A35,828.57,675.82,0.00,828.57,641.07
29,A17,969.1,642.52,0.00,1596.72,1463.82
29,A34,888.58,509.97,888.58,877.84,-0.00
29,A21,937.1,480.00,0.00,22.89,0.00
29,A48,790.07,499.97,307.05,402.80,790.07
29,A4,707.51,676.51,0.00,707.51,0.00
29,A18,603.92,309.94,300.36,603.92,0.00
29,A13,866.5,781.30,866.50,696.11,0.00
29,A41,913.75,608.88,0.00,0.00,304.01
29,A1,621.24,462.78,621.24,520.10,-0.00
29,A10,908.15,465.19,995.47,0.00,350.59
29,A7,774.2,603.12,0.00,0.00,1341.12
29,A20,904.08,627.46,0.00,0.00,86.84
29,A31,873.56,632.50,-0.00,1476.97,406.26
29,A6,0,406.77,0.00,0.00,129.53
29,A30,632.58,464.73,0.00,0.00,236.82
29,A37,763.82,746.16,0.00,0.00,763.82
29,A12,987.85,683.42,0.00,0.00,2094.46
29,A3,692.65,472.97,0.00,0.00,835.68
29,A8,788.61,535.47,0.00,519.60,788.61
29,A9,961.35,575.32,1142.74,-0.00,0.00
29,A15,996.59,583.70,-0.00,1170.89,216.16
29,A11,817.1,491.38,0.00,0.00,0.00
29,A24,913.41,547.09,0.00,820.79,337.48
29,A28,941.1,941.10,0.00,0.00,0.00
29,A26,945.73,445.40,347.18,307.88,-0.00
29,A39,201.68,390.59,-0.00,488.11,201.68
29,A36,955.86,694.35,0.00,0.00,757.76
29,A38,694.54,430.34,0.00,-0.00,0.00
29,A22,934.8,685.03,871.15,0.00,0.00
